"url","name","name_ar","price_sar","price_compare_sar","discount_pct","currency","category","description","fragrance_notes_raw","top_notes","heart_notes","base_notes","rating_avg","review_count","review_texts","reviews_status","scraped_at"
"https://faisalaldayel.com/products/Saudi-caffee","القهوة السعودية","","200.0","","","SAR","","فيصل الدايل","","","","","","","[]","widget_unreachable","2026-05-16 02:46:39"
"https://faisalaldayel.com/products/Saudi-Arabia","Saudi Arabia","","225.0","","","SAR","","مزيج فاخر يجمع دفء الزعفران الفاخر مع عبق البخور الشرقي ، تتناغم معه نغمات الأخشاب العميقة لتمنح العطر حضورًا ملكيًا لا يُنسى. عبير يعبّر عن الفخامة والهيبة ، يترك بصمة راقية في كل لحظة.","","","","","","","[]","widget_unreachable","2026-05-16 02:46:47"
"https://faisalaldayel.com/products/Qatar","Qatar","","225.0","","","SAR","","دفء العنبر ، مع حلاوة التوت التي تضيف لمسة ناعمة من الانتعاش ، تتوازن مع عمق الباتشولي الفخم ليصنع عبيرًا غنيًا بالحسّ والتميّز . عطر ينبض بالأناقة ويُشعل الحضور أينما كان.","","","","","","","[]","widget_unreachable","2026-05-16 02:46:56"
"https://faisalaldayel.com/products/Bahrain","Bahrain","","225.0","","","SAR","","نفحات بحرية منعشة ، تمتزج مع عبير الجلد الفاخر الذي يضيف لمسة أنيقة من القوة والجرأة. توازنٌ مثالي بين النقاء والترف، يعبّر عن روح المغامرة بطابع راقٍ ومميز.","","","","","","","[]","widget_unreachable","2026-05-16 02:47:05"
"https://faisalaldayel.com/products/ksa-desert","KSA DESERT","","325.0","","","SAR","","يبدو كأنَّه رحلة في قلب الصحراء ، حيث تتنقل بين جمال الرمال وهدوء الصمت ، مع عبق التاريخ وروائح الطبيعة الخلابة ، مزيج متوازن من الخزامى والنفل لانتعاش طبيعي ، يلتقي مع لمسة فاخرة من اللذر ودفء الهيل ليخلق تجربة عطرية غنية ومميزة","","","","","","","[]","widget_unreachable","2026-05-16 02:47:14"
"https://faisalaldayel.com/products/daily","Daily","","142.5","","","SAR","","يفتن بحضوره من أول لحظة ، يزهر بنفحات وردٍ مخملي يملأ الأجواء بالرقي ، ويذوب في عبير المسك الناعم الذي يترك أثرًا آسرًا ليحتضنه في النهاية دفء الفانيليا الحلوة التي تمنحك لمسة دافئة لا تُنسى","Daily 285.00 142.50 Product SKU Daily Weight 220.0 g + Earn loyalty points with this purchase Rewards This Product Is Out of Stock Notify Me When Product Is Available Enter Your Email Send Product cart quantity Add to cart Product share Product description يفتن بحضوره من أول لحظة ، يزهر بنفحات وردٍ مخملي يملأ الأجواء بالرقي ، ويذوب في عبير المسك الناعم الذي يترك أثرًا آسرًا ليحتضنه في النهاية دفء الفانيليا الحلوة التي تمنحك لمسة دافئة لا تُنسى Product questions Ask your question Have question about product Add question ?
					ف ?
						فيصل الدايل 06-09-2025 ايش مكوناته","","","","","","[]","widget_unreachable","2026-05-16 02:47:23"
"https://faisalaldayel.com/products/lindora","Lindora","","142.5","","","SAR","","ليندورا - 100 مل المكونات : ( زهور بيضاء , عسل , فانيليا ) عطر زهري شرقي دافئ ، يحتفي بروح الزهور التي تجمع بين النقاء والرقي يبدأ بنفحات ناعمة خضراء وطرية تذكّر بنسيم الصيف تحت ظلال الأشجار ، ثم يكشف عن قلب عطري غني من الأزهار البيضاء والفانيليا ، ينساب بلطف نحو قاعدة دافئة تحيطها لمسات خشبية وعنبرية تمنح العطر عمقًا وأناقة خالدة","Lindora 5.0 (21
						Review) 285.00 142.50 Product SKU Lindora Weight 220.0 g + Earn loyalty points with this purchase Rewards This Product Is Out of Stock Notify Me When Product Is Available Enter Your Email Send Product cart quantity Add to cart Product share Product description ليندورا - 100 مل المكونات : (  زهور بيضاء , عسل , فانيليا ) عطر زهري شرقي دافئ ، يحتفي بروح الزهور التي تجمع بين النقاء والرقي يبدأ بنفحات ناعمة خضراء وطرية تذكّر بنسيم الصيف تحت ظلال الأشجار ، ثم يكشف عن قلب عطري غني من الأزهار البيضاء والفانيليا ، ينساب بلطف نحو قاعدة دافئة تحيطها لمسات خشبية وعنبرية تمنح العطر عمقًا وأناقة خالدة Product questions Ask your question Have question about product Add question إ
					ف إسراء محمد السيد
						فيصل الدايل 16-09-2025 هل يصلح رجالي؟ ?
					ف ?
						فيصل الدايل 26-08-2025 هل يوجد كود خصم م
					ف مراد
						فيصل الدايل 20-08-2025 بطل بطل ذا العطر خطييير تركيبه فريده Product questions view all Product description ليندورا - 100 مل المكونات : (  زهور بيضاء , عسل , فانيليا ) عطر زهري شرقي دافئ ، يحتفي بروح الزهور التي تجمع بين النقاء والرقي يبدأ بنفحات ناعمة خضراء وطرية تذكّر بنسيم الصيف تحت ظلال الأشجار ، ثم يكشف عن قلب عطري غني من الأزهار البيضاء والفانيليا ، ينساب بلطف نحو قاعدة دافئة تحيطها لمسات خشبية وعنبرية تمنح العطر عمقًا وأناقة خالدة","","","","5.0","21.0","[]","widget_unreachable","2026-05-16 02:47:33"
"https://faisalaldayel.com/products/glow-garden","Glow Garden","","199.5","","","SAR","","قلو قاردن - 100مل عندما يلتقي الانتعاش بالغموض !اكتشف عطرًا مستوحى من أحضان الطبيعة ، حيث تتناغم النفحات الخضراء المنعشة مع عبق التوت الأسود وإبرة الراعي ، لتتوجها لمسات من الأخشاب الفاخرة. بتركيبته العطرية المتطورة، يكشف قلو قاردن عن طبقاته العطرية تدريجيًا، ليمنحك تجربة فريدة تتغير مع كل لحظة.سواء كنت في يومك العادي أو في مناسبة رسمية، هذا العطر هو رفيقك المثالي، يجمع بين الانتعاش والأناقة بلمسة من الغموض الطبيعي.","","","","","4.33","3.0","[]","widget_unreachable","2026-05-16 02:47:41"
"https://faisalaldayel.com/products/pearl","PEARL","","200.0","","","SAR","","مزيج خشبي ناعم يجمع بين خشب الأرز بعمقه الدافئ، والصندل بنعومته الكريمية الهادئة، ويكتمل بلمسة المسك الأبيض النقية التي تضيف إحساساً بالنظافة والفخامة.رائحة متزنة وراقية، ثابتة ومريحة، مناسبة للاستخدام اليومي ولعشّاق العطور الهادئة الأنيقة.","","","","","5.0","2.0","[]","widget_unreachable","2026-05-16 02:47:50"
"https://faisalaldayel.com/products/velour","VELOUR","","200.0","","","SAR","","يظهر التباين المفاجئ حـيث يكتسب الباتشولي الداكن والخشبي حيوية بفضل مزيج كريمي ومشرق من الشوكوﻻتة البيضاء واللبان الحجم 100مل الإصدار الجديد من 101","","","","","","","[]","widget_unreachable","2026-05-16 02:47:57"
"https://faisalaldayel.com/products/chestnut","chestnut","","250.0","","","SAR","","استلهم هذا العطر من نعومة النسيج الحريري ورائحة الكستناء المحمصة في شوارع باريس ، ليقدم تجربة حسية دافئة ومميزة العائلة العطرية : شرقي للجنسين الروائح البارزة : الكستناء الحرير الكشمش الأسود الخط العطري : مزيج فاكهي حلو ، حار ، زهري ، خشبي","","","","","","","[]","widget_unreachable","2026-05-16 02:48:03"
"https://faisalaldayel.com/products/petal","PETAL","","142.5","","","SAR","","مكونات العطر : رحيق الأزهار، الباتشولي و مسك الروم حجم العبوة : 100 مل الإصدار الجديد من فلفت 2","PETAL 5.0 (2
						Review) 285.00 142.50 Product SKU petal Weight 220.7 g + Earn loyalty points with this purchase Rewards This Product Is Out of Stock Notify Me When Product Is Available Enter Your Email Send Product cart quantity Add to cart Product share Product description مكونات العطر : رحيق الأزهار، الباتشولي و مسك الروم حجم العبوة : 100 مل الإصدار الجديد من فلفت 2 Product questions Ask your question Have question about product Add question ر
					ف ريم البريك
						فيصل الدايل 02-05-2025 ماراح يتوفر فلفت ٧ ☹️☹️ ع
					ف علي إبراهيم برناوي
						فيصل الدايل 15-04-2025 أنا أخذت عطرين ب 285 ما جاتني أي هدية فين الإنصاف!!  اليوم استلمت العطرين ب
					ف بدر الحربي
						فيصل الدايل 26-03-2025 عطر بيتال اقساط تأبي Product questions view all Product description مكونات العطر : رحيق الأزهار، الباتشولي و مسك الروم حجم العبوة : 100 مل الإصدار الجديد من فلفت 2","","","","5.0","2.0","[]","widget_unreachable","2026-05-16 02:48:11"
"https://faisalaldayel.com/products/BERGAMOT","BERGAMOT","","142.5","","","SAR","","مكونات العطر : برغموت , عنبر , مسك حجم العبوة : 100 مل","BERGAMOT 5.0 (4
						Review) 285.00 142.50 Product SKU BERGAMOT Weight 220.0 g + Earn loyalty points with this purchase Rewards This Product Is Out of Stock Notify Me When Product Is Available Enter Your Email Send Product cart quantity Add to cart Product share Product description مكونات العطر : برغموت , عنبر , مسك حجم العبوة : 100 مل Product questions Ask your question Have question about product Add question ?
					ف ?
						فيصل الدايل 02-09-2025 متعودين ناخذه 200 مل ليش ماعطيتوا الناس خبر ايش هالمعامله عليكم ?
					ف ?
						فيصل الدايل 31-08-2025 انا ماخذو ب عرض 137 وذحين 195 فين الوطنية ب الموضوع بس ?
					ف ?
						فيصل الدايل 22-08-2025 العطر م يكمل معي شهر رجعوا ال 200 مل عشان اخذ مع كل راتب Product questions view all Product description مكونات العطر : برغموت , عنبر , مسك حجم العبوة : 100 مل","","","","5.0","4.0","[]","widget_unreachable","2026-05-16 02:48:19"
"https://faisalaldayel.com/products/EIGHT-100ML","EIGHT","","142.5","","","SAR","","لحظة عطرية فريدة تبدأ بانتعاش الخوخ ، تتفتح بالأزهار ، وتستقر بدفء المسك","","","","","5.0","13.0","[]","widget_unreachable","2026-05-16 02:48:26"
"https://faisalaldayel.com/products/ocean","OCEAN","","142.5","","","SAR","","مكونات العطر : مسك، خشب الأرز، عنبر ونوتات بحرية حجم العطر: 100 مل","OCEAN 5.0 (7
						Review) 285.00 142.50 Product SKU OCEAN Weight 399.0 g + Earn loyalty points with this purchase Rewards This Product Is Out of Stock Notify Me When Product Is Available Enter Your Email Send Product cart quantity Add to cart Product share Product description مكونات العطر : مسك، خشب الأرز، عنبر ونوتات بحرية حجم العطر: 100 مل Product questions Ask your question Have question about product Add question ?
					ف ?
						فيصل الدايل 02-08-2025 هذا بديل للبحرين ؟؟ ?
					ف ?
						فيصل الدايل 27-12-2024 هالعطر ولاغلطه من تجربه 👌🏻. ?
					ف ?
						فيصل الدايل 02-11-2024 متى يتوفر ؟ Product questions view all Product description مكونات العطر : مسك، خشب الأرز، عنبر ونوتات بحرية حجم العطر: 100 مل","","","","5.0","7.0","[]","widget_unreachable","2026-05-16 02:48:34"
"https://faisalaldayel.com/products/hibiscus-oud","Hibiscus Oud","","225.0","","","SAR","","مكونات العطر : ازهار الكركديه - عود - الفانيلا - التوت الأسود حجم العبوة : 100 مل","Hibiscus Oud 5.0 (8
						Review) 450.00 225.00 Product SKU Hibiscus Oud Weight 220.7 g + Earn loyalty points with this purchase Rewards This Product Is Out of Stock Notify Me When Product Is Available Enter Your Email Send Product cart quantity Add to cart Product share Product description مكونات العطر : ازهار الكركديه - عود - الفانيلا - التوت الأسود حجم العبوة : 100 مل Product questions Ask your question Have question about product Add question M
					ف Mohammed Al_Alfarsi
						فيصل الدايل 04-06-2025 قيد التجربه ?
					ف ?
						فيصل الدايل 16-03-2025 ريحته قريب من الكركديه الاحمر؟ س
					ف سيف
						فيصل الدايل 25-12-2024 نفس مكونات الاصدار الاول؟ Product description مكونات العطر : ازهار الكركديه - عود - الفانيلا - التوت الأسود حجم العبوة : 100 مل","","","","5.0","8.0","[]","widget_unreachable","2026-05-16 02:48:42"
"https://faisalaldayel.com/products/cotton-candy","COTTON CANDY","","142.5","","","SAR","","مكونات العطر : مسك، جلود، توت وغزل البنات حجم العبوة : 100 مل","COTTON CANDY 5.0 (14
						Review) 285.00 142.50 Product SKU COTTON CANDY Weight 220.7 g + Earn loyalty points with this purchase Rewards This Product Is Out of Stock Notify Me When Product Is Available Enter Your Email Send Product cart quantity Add to cart Product share Product description مكونات العطر : مسك، جلود، توت وغزل البنات حجم العبوة : 100 مل Product questions Ask your question Have question about product Add question ا
					ف ام عبدالله ال محمد
						فيصل الدايل 07-08-2025 متى يتوفر العطر ر
					ف رغد
						فيصل الدايل 29-05-2025 اذا طلبت اولاين يجي مع الطلب كيس؟ ع
					ف عادل السلمي
						فيصل الدايل 08-05-2025 من كثر ماحبه العطر ذا لازم يخلص و اي احد يشمه يسئل عنه و جبت لكم زباين ماكانو يعرفون فيصل الدايل😂🤍 Product questions view all Product description مكونات العطر : مسك، جلود، توت وغزل البنات حجم العبوة : 100 مل","","","","5.0","14.0","[]","widget_unreachable","2026-05-16 02:48:49"
"https://faisalaldayel.com/products/frezy","FREZY","","172.5","","","SAR","","فريزي - 100 مل يقدم تجربة مميزة تجمع بين النعومة والانتعاش التركيبة : باودر , زهور منعشة التركيبة الكلية: عند دمج الباودر مع الزهور المنعشة، يتولد عطر يعكس توازناً مثالياً بين النعومة والانتعاش. تبدأ رائحة العطر بنفحات زهرية نظيفة تداعب الحواس، وتستمر لتتطور إلى إحساس دافئ وناعم بفضل الباودر. العطر يثير شعوراً بالانتعاش المستمر والنقاء الذي يرافقه طوال اليوم . المميزات: النعومة والراحة: مزيج الباودر يضفي نعومة لمسة حساسة على العطر. الانتعاش والحيوية: الزهور المنعشة تضفي طابعاً حيوياً ونظيفاً. مثالي للمناسبات اليومية: هذا العطر يناسب بشكل مثالي الأيام العادية والمناسبات الخفيفة حيث يحتاج الشخص لعطر خفيف، مريح، ومنعش. يمكن لهذا العطر أن يكون خياراً مثالياً لأولئك الذين يحبون الروائح النظيفة والناعمة التي تضفي لمسة من الأناقة والانتعاش على حياتهم اليومية.","","","","","5.0","6.0","[]","widget_unreachable","2026-05-16 02:48:57"
"https://faisalaldayel.com/products/hibiscus","Hibiscus","","199.5","","","SAR","","أيقونة عطرية صيفية مرتبطة برائحة تخلق توازن و إتفاق لكل الفئات العمرية التي لا تتفق في عطر محدد وأن تكون هذه الأيقونة الطريق الأفضل للاتجاهات العطرية في الصيف VIVA MAGENTA لـون السنة حسب تصنيف عام 2023م من “ PANTONE “ ولون التعبير مبتهجْ ومتفائل وينطق سـرداً مميزاً “ نغمة بـدرجة لونية “ لإنتباه أكثـر جاذبية","Hibiscus 5.0 (62
						Review) 399.00 199.50 Product SKU Hibiscus Weight 220.7 g + Earn loyalty points with this purchase Rewards This Product Is Out of Stock Notify Me When Product Is Available Enter Your Email Send Product cart quantity Add to cart Product share Product description أيقونة عطرية صيفية مرتبطة برائحة تخلق توازن و إتفاق لكل الفئات العمرية التي لا تتفق في عطر محدد وأن تكون هذه الأيقونة الطريق الأفضل للاتجاهات العطرية في الصيف VIVA MAGENTA لـون السنة حسب تصنيف عام 2023م من “ PANTONE “ ولون التعبير مبتهجْ ومتفائل وينطق سـرداً مميزاً “ نغمة بـدرجة لونية “ لإنتباه أكثـر جاذبية Product questions Ask your question Have question about product Add question ? ? 02-06-2025 ماهي مكونات العطر؟؟؟؟ فيصل الدايل 02-06-2025 ازهار الكركديه - الورد الدمشقي - الفانيلا - التوت الأسود ح
					ف حسن العبس
						فيصل الدايل 29-05-2025 عندكم ضمان ذهبي في حال ما ناسبي العطر ارجعه واسترجع فلوسي ف
					ف فيصل الشهري
						فيصل الدايل 13-04-2025 هو نفس ريحة اللون الفاتح  العلبه متغير لونها ؟ Product questions view all","","","","5.0","62.0","[]","widget_unreachable","2026-05-16 02:49:07"
"https://faisalaldayel.com/products/imperial-tea","IMPERIAL TEA","","350.0","","","SAR","","مكونات العطر : الشاي، الخوخ الأبيض والسوسن حجم العبوة : 100 مل رقم الادراج :","IMPERIAL TEA 5.0 (2
						Review) 700.00 350.00 Product SKU IMPERIAL TEA Weight 503.8 g + Earn loyalty points with this purchase Rewards This Product Is Out of Stock Notify Me When Product Is Available Enter Your Email Send Product cart quantity Add to cart Product share Product description مكونات العطر : الشاي، الخوخ الأبيض والسوسن حجم العبوة : 100 مل رقم الادراج : Product questions Ask your question Have question about product Add question Product description مكونات العطر : الشاي، الخوخ الأبيض والسوسن حجم العبوة : 100 مل رقم الادراج :","","","","5.0","2.0","[]","widget_unreachable","2026-05-16 02:49:15"
"https://faisalaldayel.com/products/downtown","Downtown","","200.0","","","SAR","","مكونات العطر : أزهار حمضية، فانيليا و توباكو حجم العبوة : 100 مل رقم الادراج :","Downtown 5.0 (5
						Review) 400.00 200.00 Product SKU Downtown Weight 220.7 g + Earn loyalty points with this purchase Rewards This Product Is Out of Stock Notify Me When Product Is Available Enter Your Email Send Product cart quantity Add to cart Product share Product description مكونات العطر : أزهار حمضية، فانيليا و توباكو حجم العبوة : 100 مل رقم الادراج : Product questions Ask your question Have question about product Add question Product description مكونات العطر : أزهار حمضية، فانيليا و توباكو حجم العبوة : 100 مل رقم الادراج :","","","","5.0","5.0","[]","widget_unreachable","2026-05-16 02:49:25"
"https://faisalaldayel.com/products/almukaeab","almukaeab","","200.0","","","SAR","","almukaeab 5.0 (3
						Review) 400.00 200.00 Product SKU almukaeab Weight 220.7 g + Earn loyalty points with this purchase Rewards This Product Is Out of Stock Notify Me When Product Is Available Enter Your Email Send Product cart quantity Add to cart Product share Product description Product questions Ask your question Have question about product Add question ?
					ف ?
						فيصل الدايل 28-09-2024 ماهي مكونات العطر","almukaeab 5.0 (3
						Review) 400.00 200.00 Product SKU almukaeab Weight 220.7 g + Earn loyalty points with this purchase Rewards This Product Is Out of Stock Notify Me When Product Is Available Enter Your Email Send Product cart quantity Add to cart Product share Product description Product questions Ask your question Have question about product Add question ?
					ف ?
						فيصل الدايل 28-09-2024 ماهي مكونات العطر","","","","5.0","3.0","[]","widget_unreachable","2026-05-16 02:49:35"
"https://faisalaldayel.com/products/alfada","alfada","","200.0","","","SAR","","مكونات العطر : مانجو، لذر و ايرس حجم العبوة : 100 مل رقم الادراج :","alfada 5.0 (7
						Review) 400.00 200.00 Product SKU alfada Weight 220.7 g + Earn loyalty points with this purchase Rewards This Product Is Out of Stock Notify Me When Product Is Available Enter Your Email Send Product cart quantity Add to cart Product share Product description مكونات العطر : مانجو، لذر و ايرس حجم العبوة : 100 مل رقم الادراج : Product questions Ask your question Have question about product Add question ?
					ف ?
						فيصل الدايل 13-04-2025 هل هو مناسب للجنسين وكم يثبت ساعه وهل هو فواح؟ م
					ف محمد
						فيصل الدايل 24-01-2025 لا م
					ف محمد
						فيصل الدايل 30-11-2024 هل المنتج. متوفر. اقوم. بالشراء. Product description مكونات العطر : مانجو، لذر و ايرس حجم العبوة : 100 مل رقم الادراج :","","","","5.0","7.0","[]","widget_unreachable","2026-05-16 02:49:42"
"https://faisalaldayel.com/products/ksa-desert-white","ksa desert white","","200.0","","","SAR","","يبدو كأنَّه رحلة في قلب الصحراء ، حيث تتنقل بين جمال الرمال وهدوء الصمت ، مع عبق التاريخ وروائح الطبيعة الخلابة ، مزيج متوازن من الخزامى والنفل لانتعاش طبيعي ، يلتقي مع لمسة فاخرة من اللذر ودفء الهيل ليخلق تجربة عطرية غنية ومميزة","","","","","5.0","27.0","[]","widget_unreachable","2026-05-16 02:49:49"
"https://faisalaldayel.com/products/lemon","Lemon","","175.0","","","SAR","","ليمون - 200مل المكونات : ليمون حساوي - برغموت ايطالي - اخشاب هو عطر منعش وحيوي يمزج بين النضارة والانتعاش "" إنه مثالي لأولئك الذين يحبون العطور الحمضية الخفيفة التي تمنحهم شعورًا بالطاقة والانتعاش طوال اليوم .","Lemon 5.0 (5
						Review) 350.00 175.00 Product SKU Lemon 200ml Weight 539.0 g + Earn loyalty points with this purchase Rewards This Product Is Out of Stock Notify Me When Product Is Available Enter Your Email Send Product cart quantity Add to cart Product share Product description ليمون - 200مل المكونات : ليمون حساوي - برغموت ايطالي - اخشاب هو عطر منعش وحيوي يمزج بين النضارة والانتعاش "" إنه مثالي لأولئك الذين يحبون العطور الحمضية الخفيفة التي تمنحهم شعورًا بالطاقة والانتعاش طوال اليوم . Product questions Ask your question Have question about product Add question Product description ليمون - 200مل المكونات : ليمون حساوي - برغموت ايطالي - اخشاب هو عطر منعش وحيوي يمزج بين النضارة والانتعاش "" إنه مثالي لأولئك الذين يحبون العطور الحمضية الخفيفة التي تمنحهم شعورًا بالطاقة والانتعاش طوال اليوم .","","","","5.0","5.0","[]","widget_unreachable","2026-05-16 02:49:57"
"https://faisalaldayel.com/products/leather","Leather","","175.0","","","SAR","","ليذر - 200مل المكونات : ليذر - بخور هو عطر غني وعميق يناسب محبي العطور الجلدية والشرقية . تركيبته التي تحتوي على نوتات من الجلد ، الخشب، والتوابل تجعل منه خيارًا مثاليًا للأشخاص الذين يفضلون العطور القوية والفاخرة ذات الطابع الغامض والراقي .","Leather 5.0 (10
						Review) 350.00 175.00 Product SKU Leather 200ml Weight 539.0 g + Earn loyalty points with this purchase Rewards This Product Is Out of Stock Notify Me When Product Is Available Enter Your Email Send Product cart quantity Add to cart Product share Product description ليذر - 200مل المكونات : ليذر - بخور هو عطر غني وعميق يناسب محبي العطور الجلدية والشرقية . تركيبته التي تحتوي على نوتات من الجلد ، الخشب، والتوابل تجعل منه خيارًا مثاليًا للأشخاص الذين يفضلون العطور القوية والفاخرة ذات الطابع الغامض والراقي . Product questions Ask your question Have question about product Add question B
					ف Bander khaled
						فيصل الدايل 16-03-2025 هل العطر ينفع للنساء ه
					ف هديل عكور
						فيصل الدايل 09-10-2024 لماذا لم يصلني نفس العطر ؟!                                      للمعلومية عندي عطر ليذر رائحته ليست نفس هذا ?
					ف ?
						فيصل الدايل 27-09-2024 عطور رجالي فقط موجود أو الكل مكس Product description ليذر - 200مل المكونات : ليذر - بخور هو عطر غني وعميق يناسب محبي العطور الجلدية والشرقية . تركيبته التي تحتوي على نوتات من الجلد ، الخشب، والتوابل تجعل منه خيارًا مثاليًا للأشخاص الذين يفضلون العطور القوية والفاخرة ذات الطابع الغامض والراقي .","","","","5.0","10.0","[]","widget_unreachable","2026-05-16 02:50:14"
"https://faisalaldayel.com/products/sarmad","sarmad","","175.0","","","SAR","","فيصل الدايل","","","","","","","[]","widget_unreachable","2026-05-16 02:50:23"
"https://faisalaldayel.com/products/Yellow","Yellow 1988","","200.0","","","SAR","","العطر الأصفر – 100 مل يأتي مع هذا العطر عطر اضافي بحجم 15 مل من قائمة الأكثر مبيعًا، يتم اختياره بشكل عشوائي، لتجربة عطرية متنوّعة ومميزة. المكونات : البنفسج - المسك - العنبر هو عطر أنيق ودافئ، مع لمسة من الفخامة والجاذبية. مزيج العنبر والمكونات الدافئة يجعل منه خيارًا مثاليًا للأشخاص الذين يبحثون عن رائحة مميزة وعميقة تعكس الأناقة والتفرد.","Yellow 1988 4.95 (215
						Review) 400.00 200.00 Product SKU Yellow 1988 Weight 220.7 g + Earn loyalty points with this purchase Rewards This Product Is Out of Stock Notify Me When Product Is Available Enter Your Email Send Product cart quantity Add to cart Product share Product description العطر الأصفر – 100 مل يأتي مع هذا العطر عطر اضافي بحجم 15 مل من قائمة الأكثر مبيعًا، يتم اختياره بشكل عشوائي ، لتجربة عطرية متنوّعة ومميزة. المكونات : البنفسج - المسك - العنبر هو عطر أنيق ودافئ، مع لمسة من الفخامة والجاذبية. مزيج العنبر والمكونات الدافئة يجعل منه خيارًا مثاليًا للأشخاص الذين يبحثون عن رائحة مميزة وعميقة تعكس الأناقة والتفرد. Product questions Ask your question Have question about product Add question 0
					ف 0000
						فيصل الدايل 11-09-2025 متى تتوفر العطور الخالصة ؟؟ ?
					ف ?
						فيصل الدايل 11-09-2025 متى بتوفر احتاجه ضروري😩 ?
					ف ?
						فيصل الدايل 10-09-2025 متى يتوفر Product questions view all Product description العطر الأصفر – 100 مل يأتي مع هذا العطر عطر اضافي بحجم 15 مل من قائمة الأكثر مبيعًا، يتم اختياره بشكل عشوائي ، لتجربة عطرية متنوّعة ومميزة. المكونات : البنفسج - المسك - العنبر هو عطر أنيق ودافئ، مع لمسة من الفخامة والجاذبية. مزيج العنبر والمكونات الدافئة يجعل منه خيارًا مثاليًا للأشخاص الذين يبحثون عن رائحة مميزة وعميقة تعكس الأناقة والتفرد.","","","","4.95","215.0","[]","widget_unreachable","2026-05-16 02:50:33"
"https://faisalaldayel.com/products/Pink","Pink 1988","","200.0","","","SAR","","العطر الوردي – 100 مل يأتي مع هذا العطر عطر اضافي بحجم 15 مل من قائمة الأكثر مبيعًا، يتم اختياره بشكل عشوائي، لتجربة عطرية متنوّعة ومميزة. مكونات العطر : العسل - المسك - أخشاب الكشمير - السوسن يدوم العطر لفترة طويلة على البشرة ، مما يجعله مناسبًا للاستخدام اليومي أو في المناسبات الخاصة، يميل إلى أن يكون أكثر ملاءمة للنساء اللواتي يفضلن العطور الهادئة والفاخرة . في المجمل هو خيار مثالي لمحبي العطور ذات الطابع الهادئ والمترف","Pink 1988 4.91 (65
						Review) 400.00 200.00 Product SKU Pink 1988 Weight 220.7 g + Earn loyalty points with this purchase Rewards This Product Is Out of Stock Notify Me When Product Is Available Enter Your Email Send Product cart quantity Add to cart Product share Product description العطر الوردي – 100 مل يأتي مع هذا العطر عطر اضافي بحجم 15 مل من قائمة الأكثر مبيعًا، يتم اختياره بشكل عشوائي ، لتجربة عطرية متنوّعة ومميزة. مكونات العطر : العسل - المسك - أخشاب الكشمير - السوسن يدوم العطر لفترة طويلة على البشرة ، مما يجعله مناسبًا للاستخدام اليومي أو في المناسبات الخاصة، يميل إلى أن يكون أكثر ملاءمة للنساء اللواتي يفضلن العطور الهادئة والفاخرة . في المجمل هو خيار مثالي لمحبي العطور ذات الطابع الهادئ والمترف Product questions Ask your question Have question about product Add question ?
					ف ?
						فيصل الدايل 05-09-2025 هل سوف يصلني اليوم ? ع
					ف علي عبدالله العلياني
						فيصل الدايل 27-07-2025 متي التوصيل وهل اذا ماعجبني العطر اقدر استبدله S
					ف Saja Abdulrahman Alhussein
						فيصل الدايل 22-06-2025 هل يتوفر من هذا العطر الحجم الصغير Product questions view all Product description العطر الوردي – 100 مل يأتي مع هذا العطر عطر اضافي بحجم 15 مل من قائمة الأكثر مبيعًا، يتم اختياره بشكل عشوائي ، لتجربة عطرية متنوّعة ومميزة. مكونات العطر : العسل - المسك - أخشاب الكشمير - السوسن يدوم العطر لفترة طويلة على البشرة ، مما يجعله مناسبًا للاستخدام اليومي أو في المناسبات الخاصة، يميل إلى أن يكون أكثر ملاءمة للنساء اللواتي يفضلن العطور الهادئة والفاخرة . في المجمل هو خيار مثالي لمحبي العطور ذات الطابع الهادئ والمترف","","","","4.91","65.0","[]","widget_unreachable","2026-05-16 02:50:41"
"https://faisalaldayel.com/products/darkblue","Dark blue 1988","","200.0","","","SAR","","الكحلي 1988 - 100مل مكونات العطر : دارك تشوكلت ، بخور ، قرنفل مزيج فريد من المكونات التي تخلق تجربة حسية غنية ومعقدة . وهو مثالي لعشاق العطور الدافئة والمعقدة ، حيث يقدم توازنًا بين الحلاوة والتوابل . يناسب الأوقات الخاصة أو الأمسيات الفاخرة ، ويعكس طابعًا قويًا وحسيًا.","Dark blue 1988 4.94 (51
						Review) 400.00 200.00 Product SKU Dark blue 1988 Weight 220.7 g + Earn loyalty points with this purchase Rewards This Product Is Out of Stock Notify Me When Product Is Available Enter Your Email Send Product cart quantity Add to cart Product share Product description الكحلي 1988 - 100مل مكونات العطر : دارك تشوكلت ، بخور ، قرنفل مزيج فريد من المكونات التي تخلق تجربة حسية غنية ومعقدة . وهو مثالي لعشاق العطور الدافئة والمعقدة ، حيث يقدم توازنًا بين الحلاوة والتوابل . يناسب الأوقات الخاصة أو الأمسيات الفاخرة ، ويعكس طابعًا قويًا وحسيًا. Product questions Ask your question Have question about product Add question ع
					ف عمرو
						فيصل الدايل 30-01-2025 للاسف العطر خياس ويكتم ويحته تراب المطر ?
					ف ?
						فيصل الدايل 31-12-2024 فضيع وصلنا هدية بمناسبة السنة الجديدة فواح بطريقة جميلة حبيته راح اعتمده ك اساس للاعطار 🩷👍🏻 M
					ف Mona Hosny
						فيصل الدايل 29-12-2024 شكراااا افضل براند عطور ثبات بلا منافس Product questions view all Product description الكحلي 1988 - 100مل مكونات العطر : دارك تشوكلت ، بخور ، قرنفل مزيج فريد من المكونات التي تخلق تجربة حسية غنية ومعقدة . وهو مثالي لعشاق العطور الدافئة والمعقدة ، حيث يقدم توازنًا بين الحلاوة والتوابل . يناسب الأوقات الخاصة أو الأمسيات الفاخرة ، ويعكس طابعًا قويًا وحسيًا.","","","","4.94","51.0","[]","widget_unreachable","2026-05-16 02:50:51"
"https://faisalaldayel.com/products/Matte-pink","Magenta 1988","","200.0","","","SAR","","العطر الخربزي – 100 مل يأتي مع هذا العطر عطر اضافي بحجم 15 مل من قائمة الأكثر مبيعًا، يتم اختياره بشكل عشوائي، لتجربة عطرية متنوّعة ومميزة. المكونات : الكرز الياباني - الياسمين - روائح عشبية بدءًا من نغمة الأزهار الوردية الشاحبة ، تتغير الحلاوة الباودرية للزهرة الناعمة إلى رائحة عشبية رطبة مجتمعة بنفحات من الياسمين والكرز الياباني وهو الخيار المثالي لمن يحبون العطور الزهرية الخفيفة والراقية التي تعكس الأنوثة والطبيعة . رائحة أزهار الساكورا تمنح العطر طابعًا رقيقًا وحيويًا ، مما يجعله مثاليًا لمن يبحث عن رائحة ناعمة وجذابة تدوم طوال اليوم.","Magenta 1988 4.98 (89
						Review) 400.00 200.00 Product SKU Magenta 1988 Weight 220.7 g + Earn loyalty points with this purchase Rewards This Product Is Out of Stock Notify Me When Product Is Available Enter Your Email Send Product cart quantity Add to cart Product share Product description العطر الخربزي – 100 مل يأتي مع هذا العطر عطر اضافي بحجم 15 مل من قائمة الأكثر مبيعًا، يتم اختياره بشكل عشوائي ، لتجربة عطرية متنوّعة ومميزة. المكونات : الكرز الياباني - الياسمين - روائح عشبية بدءًا من نغمة الأزهار الوردية الشاحبة ، تتغير الحلاوة الباودرية للزهرة الناعمة إلى رائحة عشبية رطبة مجتمعة بنفحات من الياسمين والكرز الياباني وهو الخيار المثالي لمن يحبون العطور الزهرية الخفيفة والراقية التي تعكس الأنوثة والطبيعة . رائحة أزهار الساكورا تمنح العطر طابعًا رقيقًا وحيويًا ، مما يجعله مثاليًا لمن يبحث عن رائحة ناعمة وجذابة تدوم طوال اليوم. Product questions Ask your question Have question about product Add question ?
					ف ?
						فيصل الدايل 29-08-2025 العطر نسائي او رجالي؟؟ خ
					ف خالد محمد الثبيتي
						فيصل الدايل 27-08-2025 هل عطر الخربزي 1988 مناسب للجنسين او لا M
					ف Meshary Alshammary
						فيصل الدايل 24-05-2025 مافيه 200 مل Product questions view all Product description العطر الخربزي – 100 مل يأتي مع هذا العطر عطر اضافي بحجم 15 مل من قائمة الأكثر مبيعًا، يتم اختياره بشكل عشوائي ، لتجربة عطرية متنوّعة ومميزة. المكونات : الكرز الياباني - الياسمين - روائح عشبية بدءًا من نغمة الأزهار الوردية الشاحبة ، تتغير الحلاوة الباودرية للزهرة الناعمة إلى رائحة عشبية رطبة مجتمعة بنفحات من الياسمين والكرز الياباني وهو الخيار المثالي لمن يحبون العطور الزهرية الخفيفة والراقية التي تعكس الأنوثة والطبيعة . رائحة أزهار الساكورا تمنح العطر طابعًا رقيقًا وحيويًا ، مما يجعله مثاليًا لمن يبحث عن رائحة ناعمة وجذابة تدوم طوال اليوم.","","","","4.98","89.0","[]","widget_unreachable","2026-05-16 02:50:59"
"https://faisalaldayel.com/products/roh-najad","roh najad","","500.0","","","SAR","","مكونات العطر : تفاح، ورد بلغاري و الفلفل الوردي حجم العبوة : 100 مل رقم الادراج : 2022-011019101191-377257","roh najad 5.0 (22
						Review) 1,000.00 500.00 Product SKU roh najad Weight 549.2 g + Earn loyalty points with this purchase Rewards This Product Is Out of Stock Notify Me When Product Is Available Enter Your Email Send Product cart quantity Add to cart Product share Product description مكونات العطر : تفاح، ورد بلغاري و الفلفل الوردي حجم العبوة : 100 مل رقم الادراج : 2022-011019101191-377257 Product questions Ask your question Have question about product Add question م
					ف مريم الخالدي
						فيصل الدايل 21-09-2025 هل فيه عينات صغيرة لعطر روح نجد لشمه قبل شرائه؟ ?
					ف ?
						فيصل الدايل 16-10-2024 ابي ثنين ?
					ف ?
						فيصل الدايل 06-10-2024 هل العطر شتوي اوصيفي Product questions view all Product description مكونات العطر : تفاح، ورد بلغاري و الفلفل الوردي حجم العبوة : 100 مل رقم الادراج : 2022-011019101191-377257","","","","5.0","22.0","[]","widget_unreachable","2026-05-16 02:51:08"
"https://faisalaldayel.com/products/atractivo","ATRACTIVO","","142.5","","","SAR","","مكونات العطر : أخشاب، فلفل اسود، ڤيتڤير و حمضيات حجم العبوة : 100 مل رقم الادراج : 2022-011019101191-377258","ATRACTIVO 4.97 (34
						Review) 285.00 142.50 Product SKU ATRACTIVO Weight 220.7 g + Earn loyalty points with this purchase Rewards This Product Is Out of Stock Notify Me When Product Is Available Enter Your Email Send Product cart quantity Add to cart Product share Product description مكونات العطر : أخشاب، فلفل اسود، ڤيتڤير و حمضيات حجم العبوة : 100 مل رقم الادراج : 2022-011019101191-377258 Product questions Ask your question Have question about product Add question ف
					ف فاطمه فراج السبيعي
						فيصل الدايل 21-08-2025 ابي عطر فلسفه ممكن توفرونه ?
					ف ?
						فيصل الدايل 24-04-2025 رجالي ولا نسائي ؟ ?
					ف ?
						فيصل الدايل 17-04-2025 كم ثباته صيفي او شتوي ؟ Product questions view all Product description مكونات العطر : أخشاب، فلفل اسود، ڤيتڤير و حمضيات حجم العبوة : 100 مل رقم الادراج : 2022-011019101191-377258","","","","4.97","34.0","[]","widget_unreachable","2026-05-16 02:51:16"
"https://faisalaldayel.com/products/tobacco","TOBACCO","","200.0","","","SAR","","مكونات العطر : توباكو و زنجبيل حجم العبوة : 100 مل رقم الادراج : 2019-011019101191-193317","TOBACCO 4.98 (48
						Review) 400.00 200.00 Product SKU TOBACCO Weight 220.7 g + Earn loyalty points with this purchase Rewards This Product Is Out of Stock Notify Me When Product Is Available Enter Your Email Send Product cart quantity Add to cart Product share Product description مكونات العطر : توباكو و زنجبيل حجم العبوة : 100 مل رقم الادراج : 2019-011019101191-193317 Product questions Ask your question Have question about product Add question ?
					ف ?
						فيصل الدايل 07-06-2025 كود خصم ?
					ف ?
						فيصل الدايل 03-04-2025 ف حجم صغير Product description مكونات العطر : توباكو و زنجبيل حجم العبوة : 100 مل رقم الادراج : 2019-011019101191-193317","","","","4.98","48.0","[]","widget_unreachable","2026-05-16 02:51:25"
"https://faisalaldayel.com/products/arabian-vip","ARABIAN - VIP","","345.0","","","SAR","","مزيج من الهيل والبرغموت والكهرمان مع لمسة فاخرة من العود بطابع جمع الأجواء الفرنسية الشرقية","","","","","4.96","52.0","[]","widget_unreachable","2026-05-16 02:51:35"
"https://faisalaldayel.com/products/orange","ORANGE","","142.5","","","SAR","","العطر البرتقالي – 100 مل يأتي مع هذا العطر عطر اضافي بحجم 15 مل من قائمة الأكثر مبيعًا، يتم اختياره بشكل عشوائي، لتجربة عطرية متنوّعة ومميزة. المكونات : برتقال- الزعفران - اخشاب العود هذا المزيج يمكن أن ينتج عطرًا جذابًا وفاخرًا، مثاليًا للأوقات الخاصة أو المناسبات الليلية","ORANGE 4.96 (219
						Review) 285.00 142.50 Product SKU orange 1983 Weight 220.7 g + Earn loyalty points with this purchase Rewards This Product Is Out of Stock Notify Me When Product Is Available Enter Your Email Send Product cart quantity Add to cart Product share Product description العطر البرتقالي – 100 مل يأتي مع هذا العطر عطر اضافي بحجم 15 مل من قائمة الأكثر مبيعًا، يتم اختياره بشكل عشوائي ، لتجربة عطرية متنوّعة ومميزة. المكونات : برتقال- الزعفران - اخشاب العود هذا المزيج يمكن أن ينتج عطرًا جذابًا وفاخرًا، مثاليًا للأوقات الخاصة أو المناسبات الليلية Product questions Ask your question Have question about product Add question س
					ف سلطان خالد المنصور
						فيصل الدايل 02-07-2025 في ال4 عطور في بوكس اللي قبل فترة في واحد من العطور 1983 لكن لونه اصفر وشميته وريحته عجبتني مره الان ادور في مجموعة 1983 مافي الاصفر م
					ف محمد سعد ال حنش الشهراني
						فيصل الدايل 06-04-2025 أنا صراحه من الأشخاص اللي ذوقهم صعب اشوي لكن هذا العطر من عطوري المفضله،  العطر جميل جداً جداً عاد مع العوده،،وعطرالتوباكو ،،شكراً لكم ياعطور فيصل الدايل شكراً من القلب م
					ف محمد سعد ال حنش الشهراني
						فيصل الدايل 06-04-2025 أنا صراحه من الأشخاص اللي ذوقهم صعب اشوي لكن هذا العطر من عطوري المفضله،  العطر جميل جداً جداً عاد مع العوده،،وعطرالتوباكو ،،شكراً لكم ياعطور فيصل الدايل شكراً من القلب أنا صراحه من الأشخاص اللي ذوقهم صعب اشوي لكن هذا العطر من عطوري المفضله،  العطر جميل جداً جداً عاد مع العوده،،وعطرالتوباكو ،،شكراً لكم ياعطور فيصل الدايل شكراً من القلب Product questions view all Product description العطر البرتقالي – 100 مل يأتي مع هذا العطر عطر اضافي بحجم 15 مل من قائمة الأكثر مبيعًا، يتم اختياره بشكل عشوائي ، لتجربة عطرية متنوّعة ومميزة. المكونات : برتقال- الزعفران - اخشاب العود هذا المزيج يمكن أن ينتج عطرًا جذابًا وفاخرًا، مثاليًا للأوقات الخاصة أو المناسبات الليلية","","","","4.96","219.0","[]","widget_unreachable","2026-05-16 02:51:44"
"https://faisalaldayel.com/products/red","RED","","142.5","","","SAR","","العطر الأحمر – 100 مل المكونات : اناناس - باتشولي - ياسمين هذا العطر سيكون مناسباً للأشخاص الذين يفضلون العطور الفاكهية الزهرية التي تمتزج مع الروائح الدافئة والمريحة، ليعطيهم إحساساً بالتجدد والأنوثة في كل لحظة .","RED 4.93 (203
						Review) 285.00 142.50 Product SKU Red 1983 Weight 220.7 g + Earn loyalty points with this purchase Rewards This Product Is Out of Stock Notify Me When Product Is Available Enter Your Email Send Product cart quantity Add to cart Product share Product description العطر الأحمر – 100 مل المكونات : اناناس - باتشولي - ياسمين هذا العطر سيكون مناسباً للأشخاص الذين يفضلون العطور الفاكهية الزهرية التي تمتزج مع الروائح الدافئة والمريحة، ليعطيهم إحساساً بالتجدد والأنوثة في كل لحظة . Product questions Ask your question Have question about product Add question H
					ف Hanan ali
						فيصل الدايل 05-09-2025 متى يتوفر عطر الكركديه؟! H
					ف Hanan ali
						فيصل الدايل 05-09-2025 هذا عطر الكركديه؟؟ م
					ف ميمي
						فيصل الدايل 27-08-2025 ابي العطر الأحمر الطويل بالله تكفون نزلوه لي أسبوعين أشيك هينا ابيه😔❤️ Product questions view all Product description العطر الأحمر – 100 مل المكونات : اناناس - باتشولي - ياسمين هذا العطر سيكون مناسباً للأشخاص الذين يفضلون العطور الفاكهية الزهرية التي تمتزج مع الروائح الدافئة والمريحة، ليعطيهم إحساساً بالتجدد والأنوثة في كل لحظة .","","","","4.93","203.0","[]","widget_unreachable","2026-05-16 02:51:57"
"https://faisalaldayel.com/products/blue","blue 1983","","142.5","","","SAR","","العطر الأزرق – 100 مل يأتي مع هذا العطر عطر اضافي بحجم 15 مل من قائمة الأكثر مبيعًا، يتم اختياره بشكل عشوائي، لتجربة عطرية متنوّعة ومميزة. المكونات : الباتشولي - الباودر - البرغموت هو عطر زهري فاخر يبرز جمال الزهور البيضاء مثل الياسمين والزنبق. يعتبر من العطور الأنثوية الأنيقة التي تجمع بين النضارة والعمق، مما يجعله خيارًا مثاليًا للنساء اللواتي يفضلن العطور الراقية ذات الطابع الكلاسيكي والمناسبات الخاصة.","blue 1983 4.94 (268
						Review) 285.00 142.50 Product SKU blue 1983 Weight 220.7 g + Earn loyalty points with this purchase Rewards This Product Is Out of Stock Notify Me When Product Is Available Enter Your Email Send Product cart quantity Add to cart Product share Product description العطر الأزرق – 100 مل يأتي مع هذا العطر عطر اضافي بحجم 15 مل من قائمة الأكثر مبيعًا، يتم اختياره بشكل عشوائي ، لتجربة عطرية متنوّعة ومميزة. المكونات : الباتشولي - الباودر - البرغموت هو عطر زهري فاخر يبرز جمال الزهور البيضاء مثل الياسمين والزنبق. يعتبر من العطور الأنثوية الأنيقة التي تجمع بين النضارة والعمق، مما يجعله خيارًا مثاليًا للنساء اللواتي يفضلن العطور الراقية ذات الطابع الكلاسيكي والمناسبات الخاصة. Product questions Ask your question Have question about product Add question ه
					ف هيفاءالدوسري
						فيصل الدايل 29-03-2025 متى يتوفر ه
					ف هيفاءالدوسري
						فيصل الدايل 28-03-2025 متى يتوفر ابي اطلب ?
					ف ?
						فيصل الدايل 26-03-2025 مناسب للرجال ؟ Product questions view all Product description العطر الأزرق – 100 مل يأتي مع هذا العطر عطر اضافي بحجم 15 مل من قائمة الأكثر مبيعًا، يتم اختياره بشكل عشوائي ، لتجربة عطرية متنوّعة ومميزة. المكونات : الباتشولي - الباودر - البرغموت هو عطر زهري فاخر يبرز جمال الزهور البيضاء مثل الياسمين والزنبق. يعتبر من العطور الأنثوية الأنيقة التي تجمع بين النضارة والعمق، مما يجعله خيارًا مثاليًا للنساء اللواتي يفضلن العطور الراقية ذات الطابع الكلاسيكي والمناسبات الخاصة.","","","","4.94","268.0","[]","widget_unreachable","2026-05-16 02:52:04"
"https://faisalaldayel.com/products/green","green","","142.5","","","SAR","","العطر الأخضر – 100 مل يأتي مع هذا العطر عطر اضافي بحجم 15 مل من قائمة الأكثر مبيعًا، يتم اختياره بشكل عشوائي ، لتجربة عطرية متنوّعة ومميزة. عطر كلاسيكي شديد الفوحان ومناسب للجنسين رسمي وللمناسبات بنكهة اللافندر مع الباتشولي وبلمسة من الورد يتميز بالثبات العالي والرائحة المميزة من الأكثر مبيعًا ومناسب لفصل الشتاء","","","","","4.93","431.0","[]","widget_unreachable","2026-05-16 02:52:11"
"https://faisalaldayel.com/products/l","L","","142.5","","","SAR","","مكونات العطر : لذر، خشب الصندل و التوت حجم العبوة : 100 مل رقم الادراج : 2019-011019101191-199990","L 4.93 (44
						Review) 285.00 142.50 Product SKU L Weight 220.7 g + Earn loyalty points with this purchase Rewards This Product Is Out of Stock Notify Me When Product Is Available Enter Your Email Send Product cart quantity Add to cart Product share Product description مكونات العطر : لذر، خشب الصندل و التوت حجم العبوة : 100 مل رقم الادراج : 2019-011019101191-199990 Product questions Ask your question Have question about product Add question s
					ف sara taleb
						فيصل الدايل 11-09-2025 اتمنى ترجعو عطر قطر صراحه مافي زيو h
					ف hadeel saeed
						فيصل الدايل 16-03-2025 رجالي او نسائي ؟ س
					ف سيف
						فيصل الدايل 25-12-2024 متى بيتوفر عطر كركرديه Product questions view all Product description مكونات العطر : لذر، خشب الصندل و التوت حجم العبوة : 100 مل رقم الادراج : 2019-011019101191-199990","","","","4.93","44.0","[]","widget_unreachable","2026-05-16 02:52:17"
"https://faisalaldayel.com/products/nsaem-najd","NSAIM NJD","","750.0","","","SAR","","تركيبة عطرية فاخرة من مكونات طبيعية نقية ، تأخذك إلى عالم من الفخامة الشرقية الأصيلة. يبدأ العطر بعمق دهن العود الكمبودي بحلاوته الدافئة، يليه حضور العود اللاوسي بكثافته الدخانية الغامضة، مع لمسة العود الهندي بطابعه الترابي العريق الذي يعكس الأصالة بكل تفاصيلها. ويتوسطه العود الفيتنامي بنعومته العسلية ، ليمنح التركيبة انسيابية راقية ، بينما يضيف الورد الطائفي إشراقة زهرية منعشة تعزز الإحساس بالفخامة والرقي وفي القاعدة : يرسخ اللبان والهيل الطبيعيان حضورًا دافئًا لتبقى الرائحة ثابتة وتعكس هوية عطر فخم يجمع بين النقاء ، القوة ، الأصالة .","NSAIM NJD 5.0 (11
						Review) 1,500.00 750.00 Product SKU NSAIM NJD Weight 550.01 g + Earn loyalty points with this purchase Rewards This Product Is Out of Stock Notify Me When Product Is Available Enter Your Email Send Product cart quantity Add to cart Product share Product description تركيبة عطرية فاخرة من مكونات طبيعية نقية ، تأخذك إلى عالم من الفخامة الشرقية الأصيلة. يبدأ العطر بعمق دهن العود الكمبودي بحلاوته الدافئة، يليه حضور العود اللاوسي بكثافته الدخانية الغامضة، مع لمسة العود الهندي بطابعه الترابي العريق الذي يعكس الأصالة بكل تفاصيلها. ويتوسطه العود الفيتنامي بنعومته العسلية ، ليمنح التركيبة انسيابية راقية ، بينما يضيف الورد الطائفي إشراقة زهرية منعشة تعزز الإحساس بالفخامة والرقي وفي القاعدة : يرسخ اللبان والهيل الطبيعيان حضورًا دافئًا لتبقى الرائحة ثابتة وتعكس هوية عطر فخم يجمع بين النقاء ، القوة ، الأصالة  . Product questions Ask your question Have question about product Add question ?
					ف ?
						فيصل الدايل 16-03-2025 كم مل الزيت العطري ؟! ?
					ف ?
						فيصل الدايل 11-03-2025 بصراحة أنا اشتريت منكم 12 منتج و أعجبني جدا منتج نسائم نجد و لكن غالي بصراحة أتمنى تقدمونه لي هديه للعيد وشكرا جزيلا لكم جميع منسوبي براند فيصل الدايل الراقي الغني عن التعريف ( ليتني عرفتكم من زمان ) ن
					ف نعيمه يحي ال سلماني
						فيصل الدايل 14-11-2024 كيف اقدار اشتكي عليكم اختر انتو وعلموني Product description تركيبة عطرية فاخرة من مكونات طبيعية نقية ، تأخذك إلى عالم من الفخامة الشرقية الأصيلة. يبدأ العطر بعمق دهن العود الكمبودي بحلاوته الدافئة، يليه حضور العود اللاوسي بكثافته الدخانية الغامضة، مع لمسة العود الهندي بطابعه الترابي العريق الذي يعكس الأصالة بكل تفاصيلها. ويتوسطه العود الفيتنامي بنعومته العسلية ، ليمنح التركيبة انسيابية راقية ، بينما يضيف الورد الطائفي إشراقة زهرية منعشة تعزز الإحساس بالفخامة والرقي وفي القاعدة : يرسخ اللبان والهيل الطبيعيان حضورًا دافئًا لتبقى الرائحة ثابتة وتعكس هوية عطر فخم يجمع بين النقاء ، القوة ، الأصالة  .","","","","5.0","11.0","[]","widget_unreachable","2026-05-16 02:52:25"
"https://faisalaldayel.com/products/london","london night","","250.0","","","SAR","","عطر لندن – 100 مل تفسير عصري لعطور العود التقليدية، هو الوصف الأنيق، الهدوء المميز والشعور بالرقي، مزيج من الماكرون و الهيل مع البخور والليمون يأتي مع هذا العطر عطران إضافيان بحجم 30 مل من قائمة الأكثر مبيعًا، يتم اختيارهم بشكل عشوائي، لتجربة عطرية متنوّعة ومميزة.","","","","","4.97","162.0","[]","widget_unreachable","2026-05-16 02:52:33"
"https://faisalaldayel.com/products/بشت-و-عباية","bisht and abaya","","57.5","","","SAR","","مكونات العطر : بخور، ورد و زعفران تنبيه : العطر مخصص للملابس الغامقة فقط","bisht and abaya 4.93 (136
						Review) 115.00 57.50 Product SKU bisht and abaya Weight 220.7 g + Earn loyalty points with this purchase Rewards This Product Is Out of Stock Notify Me When Product Is Available Enter Your Email Send Product cart quantity Add to cart Product share Product description مكونات العطر : بخور، ورد و زعفران تنبيه : العطر مخصص للملابس الغامقة فقط Product questions Ask your question Have question about product Add question و
					ف وجدان
						فيصل الدايل 05-09-2025 متى يتوفر ?
					ف ?
						فيصل الدايل 04-09-2025 ابي استفسر متى يوجد العطر الموفي خلال الايام قريبه ولا بعيده ر
					ف ريم البريك
						فيصل الدايل 22-08-2025 هل راح يتوفر فلفت 7؟ Product questions view all Product description مكونات العطر : بخور، ورد و زعفران تنبيه : العطر مخصص للملابس الغامقة فقط","","","","4.93","136.0","[]","widget_unreachable","2026-05-16 02:52:41"
"https://faisalaldayel.com/products/falsafat-etter","FALSAFAT ETTER","","142.5","","","SAR","","مكونات العطر : مارشميلو و مسك حجم العبوة : 100 مل رقم الادراج : 2019-011019101191-193318","FALSAFAT ETTER 4.92 (48
						Review) 285.00 142.50 Product SKU white Weight 220.7 g + Earn loyalty points with this purchase Rewards This Product Is Out of Stock Notify Me When Product Is Available Enter Your Email Send Product cart quantity Add to cart Product share Product description مكونات العطر : مارشميلو و مسك حجم العبوة : 100 مل رقم الادراج : 2019-011019101191-193318 Product questions Ask your question Have question about product Add question Product description مكونات العطر : مارشميلو و مسك حجم العبوة : 100 مل رقم الادراج : 2019-011019101191-193318","","","","4.92","48.0","[]","widget_unreachable","2026-05-16 02:52:48"
"https://faisalaldayel.com/products/private-collection-iris","Iris","","200.0","","","SAR","","Iris 4.96 (56
						Review) 400.00 200.00 Product SKU Iris Weight 220.7 g + Earn loyalty points with this purchase Rewards This Product Is Out of Stock Notify Me When Product Is Available Enter Your Email Send Product cart quantity Add to cart Product share Product description Product questions Ask your question Have question about product Add question م
					ف محمود ربيع
						فيصل الدايل 08-09-2025 هل العطر رجالي او حريمي J
					ف Joy Andung
						فيصل الدايل 06-05-2025 when is the delivery? ?
					ف ?
						فيصل الدايل 24-03-2025 gyt Product questions view all","","","","","4.96","56.0","[]","widget_unreachable","2026-05-16 02:52:57"
"https://faisalaldayel.com/products/amber","Amber","","200.0","","","SAR","","Amber 4.97 (35
						Review) 400.00 200.00 Product SKU Amber Weight 220.7 g + Earn loyalty points with this purchase Rewards This Product Is Out of Stock Notify Me When Product Is Available Enter Your Email Send Product cart quantity Add to cart Product share Product description Product questions Ask your question Have question about product Add question ف
					ف فيصل الرويلي
						فيصل الدايل 02-09-2025 كوبون الخصم ?
					ف ?
						فيصل الدايل 26-06-2025 صيفي ام شتوي؟ ?
					ف ?
						فيصل الدايل 17-03-2025 ايش العرض Product questions view all","","","","","4.97","35.0","[]","widget_unreachable","2026-05-16 02:53:04"
"https://faisalaldayel.com/products/leban","Leban","","200.0","","","SAR","","هو عطر شرقي غني وفاخر يجمع بين نوتات البخور واللبان والعنبر ليمنح المستخدم تجربة عطرية ساحرة . يناسب هذا العطر الأوقات التي تحتاج فيها إلى عطر مميز يدوم طويلاً ويترك أثراً قويًا وجذابًا","Leban 4.92 (26
						Review) 400.00 200.00 Product SKU Leban Weight 220.7 g + Earn loyalty points with this purchase Rewards This Product Is Out of Stock Notify Me When Product Is Available Enter Your Email Send Product cart quantity Add to cart Product share Product description هو عطر شرقي غني وفاخر يجمع بين نوتات ا لبخور واللبان والعنبر ليمنح المستخدم تجربة عطرية ساحرة . يناسب هذا العطر الأوقات التي تحتاج فيها إلى عطر مميز يدوم طويلاً ويترك أثراً قويًا وجذابًا Product questions Ask your question Have question about product Add question ا
					ف امينه ادم عيسى الحبشي
						فيصل الدايل 15-08-2025 لايوجد ?
					ف ?
						فيصل الدايل 20-01-2025 هل يصلح صيفي A
					ف Ahmed Amer
						فيصل الدايل 01-10-2024 للرجال ام للنساء Product questions view all Product description هو عطر شرقي غني وفاخر يجمع بين نوتات ا لبخور واللبان والعنبر ليمنح المستخدم تجربة عطرية ساحرة . يناسب هذا العطر الأوقات التي تحتاج فيها إلى عطر مميز يدوم طويلاً ويترك أثراً قويًا وجذابًا","","","","4.92","26.0","[]","widget_unreachable","2026-05-16 02:53:14"
"https://faisalaldayel.com/products/sarab","Sarab","","97.5","","","SAR","","المكونات : عنبر و حمضيات حجم : 300 مل","Sarab 195.00 97.50 Product SKU Sarab + Earn loyalty points with this purchase Rewards This Product Is Out of Stock Notify Me When Product Is Available Enter Your Email Send Product cart quantity Add to cart Product share Product description المكونات : عنبر و حمضيات حجم : 300 مل Product questions Ask your question Have question about product Add question Product description المكونات : عنبر و حمضيات حجم : 300 مل","","","","","","[]","widget_unreachable","2026-05-16 02:53:21"
"https://faisalaldayel.com/products/orange-leaves","Orange leaves","","97.5","","","SAR","","المكونات : أزهار و برتقال حجم : 300 مل الإصدار الجديد من معطر رقم 2","Orange leaves 195.00 97.50 Product SKU Orange Leaves + Earn loyalty points with this purchase Rewards This Product Is Out of Stock Notify Me When Product Is Available Enter Your Email Send Product cart quantity Add to cart Product share Product description المكونات : أزهار و برتقال حجم : 300 مل الإصدار الجديد من معطر رقم 2 Product questions Ask your question Have question about product Add question Product description المكونات : أزهار و برتقال حجم : 300 مل الإصدار الجديد من معطر رقم 2","","","","","","[]","widget_unreachable","2026-05-16 02:53:28"
"https://faisalaldayel.com/products/soft-musk","soft musk","","97.5","","","SAR","","المكونات : مسك و ياسمين حجم : 300 مل الإصدار الجديد من معطر رقم 1","soft musk 195.00 97.50 Product SKU Soft Musk + Earn loyalty points with this purchase Rewards This Product Is Out of Stock Notify Me When Product Is Available Enter Your Email Send Product cart quantity Add to cart Product share Product description المكونات : مسك و ياسمين حجم : 300 مل الإصدار الجديد من معطر رقم 1 Product questions Ask your question Have question about product Add question Product description المكونات : مسك و ياسمين حجم : 300 مل الإصدار الجديد من معطر رقم 1","","","","","","[]","widget_unreachable","2026-05-16 02:53:36"
"https://faisalaldayel.com/products/tonka-touch","tonka touch","","97.5","","","SAR","","المكونات : تونكا و عود حجم : 300 مل الإصدار الجديد من معطر رقم 3","tonka touch 195.00 97.50 Product SKU Tonka Touch + Earn loyalty points with this purchase Rewards This Product Is Out of Stock Notify Me When Product Is Available Enter Your Email Send Product cart quantity Add to cart Product share Product description المكونات : تونكا و عود حجم : 300 مل الإصدار الجديد من معطر رقم 3 Product questions Ask your question Have question about product Add question H
					ف Haifa
						فيصل الدايل 14-09-2025 معطر للفرش ولا للمنزل ?
					ف ?
						فيصل الدايل 06-09-2025 عطر لا الجسم؟ Product description المكونات : تونكا و عود حجم : 300 مل الإصدار الجديد من معطر رقم 3","","","","","","[]","widget_unreachable","2026-05-16 02:53:44"
"https://faisalaldayel.com/products/Spray-Collection","Spray Collection","","199.0","","","SAR","","فيصل الدايل","","","","","","","[]","widget_unreachable","2026-05-16 02:53:52"
"https://faisalaldayel.com/products/Elite-Box","بوكس النخبة","","250.0","","","SAR","","بوكس النخبة يحتوي على 4 عطور من العطور الاكثر مبيعا حجم 50 مل للحبة الواحدة عطر لندن نايت عطر كركدية عطر ليندورا عطر اتركتيفو","","","","","","","[]","widget_unreachable","2026-05-16 02:54:01"
"https://faisalaldayel.com/products/sold-out","Sold Out","","57.5","","","SAR","","توليفة مدروسة بعناية لتقدم حضورًا خفيفًا ومنعشًا يدوم بثبات متوازن مما يجعله خيارًا مثاليًا للاستخدام اليومي ولمحبي الروائح الحمضية الفاكهية","","","","","","","[]","widget_unreachable","2026-05-16 02:54:09"
"https://faisalaldayel.com/products/Home-box","بوكس البيت","","225.0","","","SAR","","تجربة عطرية متكاملة تضم أربع روائح مميزة بحجم 30مل تناسب كل أوقاتك , مزيج بين الفخامة والتنوع في باكج واحد مثالي للاستخدام اليومي أو السفر .","","","","","","","[]","widget_unreachable","2026-05-16 02:54:17"
"https://faisalaldayel.com/products/Box-50ml","مجموعة 1983 - 50مل","","325.0","","","SAR","","مجموعة 50 مل – أربع عطور في تجربة واحدة مجموعة متكاملة تضم 4 عطور بحجم 50 مل ، تمنحك تنوعاً يناسب كل وقت وكل مزاج.اختيار مثالي لمن يبحث عن التجديد دون التنازل عن الفخامة","","","","","","","[]","widget_unreachable","2026-05-16 02:54:25"
"https://faisalaldayel.com/products/collection-1983","مجموعة 1983","","200.0","","","SAR","","يحتوي البوكس على 4 عطور بحجم 30 مل لكل عطر من مجموعة 1983","","","","","","","[]","widget_unreachable","2026-05-16 02:54:34"
"https://faisalaldayel.com/products/cinnamon","Cinnamon","","175.0","","","SAR","","فيصل الدايل","","","","","","","[]","widget_unreachable","2026-05-16 02:54:44"
"https://faisalaldayel.com/products/FRESH-OUD","FRESH OUD","","142.5","","","SAR","","عطر بنفحات خشبية دافئة يفتتح بانتعاش البرغموت المنعش ينساب بعدها الصنوبر ليمنح إحساسًا نقيًا وطبيعيًا ويستقر على قاعدة خشبية فاخرة تعكس قوة وثبات","","","","","","","[]","widget_unreachable","2026-05-16 02:54:52"
"https://faisalaldayel.com/products/NIGHT-QUEEN","NIGHT QUEEN","","172.5","","","SAR","","عطر زهري فاخر يفتتح بأريج الزهور البيضاء النقي يمتزج مع دفء اللابدانوم الغني ليمنح العطر لمسة عميقة وغامضة ويستقر على قاعدة مسك الروم الفاخرة التي تضفي ثباتًا وأسلوبًا ساحرًا يدوم طوال اليوم","","","","","","","[]","widget_unreachable","2026-05-16 02:55:00"
"https://faisalaldayel.com/products/IDENTITY","IDENTITY","","172.5","","","SAR","","عطر يفتتح بنفحات الهيل الدافئة تمتزج مع حلاوة التوت ثم يستقر على قاعدة من خشب الأرز تمنح العطر عمقًا وثباتًا وأناقة تدوم","","","","","","","[]","widget_unreachable","2026-05-16 02:55:10"
"https://faisalaldayel.com/products/scarf-1","SCARF","","199.5","","","SAR","","عطر سكارفمزيج فاخر يجمع البخور مع العنبر الدافئ ولمسة المر ، بروح شرقية قوية وثبات عالي . عطر يلفّك بهيبة وفخامة من أول رشة","","","","","","","[]","widget_unreachable","2026-05-16 02:55:21"
"https://faisalaldayel.com/products/solena","SOLENA","","142.5","","","SAR","","عطر بودري هو تجسيد للنعومة والرقي ، برائحة هادئة تشبه لمسة الحرير على البشرة","","","","","","","[]","widget_unreachable","2026-05-16 02:55:28"
"https://faisalaldayel.com/products/wood","حطب","","200.0","","","SAR","","فيصل الدايل","","","","","","","[]","widget_unreachable","2026-05-16 02:55:37"
"https://faisalaldayel.com/products/alturath","alturath","","900.0","","","SAR","","مكونات العطر : عود طبيعي، بخور و أخشاب حجم العبوة : 100 مل","alturath 5.0 (1
						Review) 1,800.00 900.00 Product SKU alturath Weight 501.0 g + Earn loyalty points with this purchase Rewards This Product Is Out of Stock Notify Me When Product Is Available Enter Your Email Send Product cart quantity Add to cart Product share Product description مكونات العطر : عود طبيعي، بخور و أخشاب حجم العبوة : 100 مل Product questions Ask your question Have question about product Add question ?
					ف ?
						فيصل الدايل 26-04-2025 ينفع لرجال ع
					ف عفاف سعيد ساعد الحربي
						فيصل الدايل 23-02-2025 ممكن كتابة مكونات عطر تراث بالتفصيل Product description مكونات العطر : عود طبيعي، بخور و أخشاب حجم العبوة : 100 مل","","","","5.0","1.0","[]","widget_unreachable","2026-05-16 02:55:47"
"https://faisalaldayel.com/products/bubble-gum","BUBBLE GUM","","149.5","","","SAR","","مكونات العطر : ببل قم، مسك الروم، باتشولي و أمبروكسانحجم العبوة : 100 مل","BUBBLE GUM 5.0 (6
						Review) 299.00 149.50 Product SKU BUBBLEGUM Weight 552.1 g + Earn loyalty points with this purchase Rewards This Product Is Out of Stock Notify Me When Product Is Available Enter Your Email Send Product cart quantity Add to cart Product share Product description مكونات العطر : ببل قم، مسك الروم، باتشولي و أمبروكسان حجم العبوة : 100 مل Product questions Ask your question Have question about product Add question ج
					ف جوهره اليحياء
						فيصل الدايل 01-09-2025 اول اخذته ١٤٩ ليش الا صار اغلى ?
					ف ?
						فيصل الدايل 03-06-2025 هل فيه ضمان ذهبي لو ماعجبني العطر استرجعه؟ ف
					ف فهد العتيبي
						فيصل الدايل 15-04-2025 عطر رهيب  والريحه  هاديه😍😍 Product questions view all Product description مكونات العطر : ببل قم، مسك الروم، باتشولي و أمبروكسان حجم العبوة : 100 مل","","","","5.0","6.0","[]","widget_unreachable","2026-05-16 02:55:56"
"https://faisalaldayel.com/products/waj","waj","","400.0","","","SAR","","مكونات العطر : ورد طائفي، شوكولاته،دهن عود فاخر و أخشاب حجم العبوة : 100 مل","waj 5.0 (15
						Review) 800.00 400.00 Product SKU waj Weight 220.7 g + Earn loyalty points with this purchase Rewards This Product Is Out of Stock Notify Me When Product Is Available Enter Your Email Send Product cart quantity Add to cart Product share Product description مكونات العطر : ورد طائفي، شوكولاته،دهن عود فاخر و أخشاب حجم العبوة : 100 مل Product questions Ask your question Have question about product Add question R
					ف Rare
						فيصل الدايل 01-03-2025 متى بيرجع يتوفر؟ هل احصله في الفروع؟ ع
					ف عبير طلال
						فيصل الدايل 22-02-2025 ابغى اطلب عطر وج طلب خاص اذا ممكن A
					ف Ali Alamri
						فيصل الدايل 10-02-2025 نبغى نجرب العطر ولكن غير متوفر في خميس مشيط Product questions view all Product description مكونات العطر : ورد طائفي، شوكولاته،دهن عود فاخر و أخشاب حجم العبوة : 100 مل","","","","5.0","15.0","[]","widget_unreachable","2026-05-16 02:56:04"
"https://faisalaldayel.com/products/63","63","","187.5","","","SAR","","مكونات العطر : اللابدانوم - عنبر - مسك - باتشولي - فانيليا حجم العبوة : 100 مل رقم الادراج : 2022-011019101191-377098","63 5.0 (33
						Review) 375.00 187.50 Product SKU 63 Weight 220.7 g + Earn loyalty points with this purchase Rewards This Product Is Out of Stock Notify Me When Product Is Available Enter Your Email Send Product cart quantity Add to cart Product share Product description مكونات العطر : اللابدانوم - عنبر - مسك - باتشولي - فانيليا حجم العبوة : 100 مل رقم الادراج : 2022-011019101191-377098 Product questions Ask your question Have question about product Add question ?
					ف ?
						فيصل الدايل 19-09-2025 عطر ٦٣ ندمت اني شريته والي مستغربه الي مصمم العطر هو يشم ولا حاسه الشم عنده مفقوده n
					ف naif alharbi
						فيصل الدايل 01-07-2025 هل هو يميل نسائي اكثر او رجالي اكثر ا
					ف احمد عبدالله حسن جاسم
						فيصل الدايل 20-06-2025 هل العطر صيفي Product questions view all Product description مكونات العطر : اللابدانوم - عنبر - مسك - باتشولي - فانيليا حجم العبوة : 100 مل رقم الادراج : 2022-011019101191-377098","","","","5.0","33.0","[]","widget_unreachable","2026-05-16 02:56:13"
"https://faisalaldayel.com/products/noir","NOIR","","172.5","","","SAR","","الأخشاب مع البخور والكشمش الأسود مناسب للمزج مع العطور الشتوية","","","","","4.99","78.0","[]","widget_unreachable","2026-05-16 02:56:21"
"https://faisalaldayel.com/products/1970","1970","","200.0","","","SAR","","1970 - 100مل المكونات : بودرة - عنبر - مسك من أروع العطور الكلاسيكية يحتوي على مزيج من والعنبر والمسك ، مما يعطيه طابعًا دافئًا وحسيًا إنه عطر نظيف ومريح مع لمسة ناعمة من البودرة.","1970 5.0 (22
						Review) 400.00 200.00 Product SKU 1970 Weight 220.7 g + Earn loyalty points with this purchase Rewards This Product Is Out of Stock Notify Me When Product Is Available Enter Your Email Send Product cart quantity Add to cart Product share Product description 1970 - 100مل المكونات : بودرة - عنبر - مسك من أروع العطور الكلاسيكية يحتوي على مزيج من والعنبر والمسك ، مما يعطيه طابعًا دافئًا وحسيًا إنه عطر نظيف ومريح مع لمسة ناعمة من البودرة. Product questions Ask your question Have question about product Add question A
					ف Asmaa
						فيصل الدايل 17-11-2024 اللي طلبته لونه اغمق من الصوره .. ريحته غريبه مره ماهي باودر ولا عنبر كأن فيه ياسمين الصراحه .. ماعجبني للاسف ?
					ف ?
						فيصل الدايل 31-08-2024 ياليت يتوفر ف الموقع قبل انتهاء العرض😓 م محسن هادي 20-05-2024 جاني عكس الي طلبته وريحته سيئة فيصل الدايل 20-05-2024 نعتذر على تجربتك 🙏🏻
و نتمنى منك التواصل معنا على الواتس اب ( 920022540 966 ) لمعرفة الإشكالية الحاصلة وحلها بإذن الله 👌🏻 Product description 1970 - 100مل المكونات : بودرة - عنبر - مسك من أروع العطور الكلاسيكية يحتوي على مزيج من والعنبر والمسك ، مما يعطيه طابعًا دافئًا وحسيًا إنه عطر نظيف ومريح مع لمسة ناعمة من البودرة.","","","","5.0","22.0","[]","widget_unreachable","2026-05-16 02:56:30"
"https://faisalaldayel.com/products/NSIM-WHITE","نسايم نجد صيفي","","175.0","","","SAR","","تركيبة عطرية فاخرة من مكونات طبيعية نقية ، تأخذك إلى عالم من الفخامة الشرقية الأصيلة. يبدأ العطر بعمق دهن العود الكمبودي بحلاوته الدافئة، يليه حضور العود اللاوسي بكثافته الدخانية الغامضة، مع لمسة العود الهندي بطابعه الترابي العريق الذي يعكس الأصالة بكل تفاصيلها. ويتوسطه العود الفيتنامي بنعومته العسلية ، ليمنح التركيبة انسيابية راقية ، بينما يضيف الورد الطائفي إشراقة زهرية منعشة تعزز الإحساس بالفخامة والرقي وفي القاعدة : يرسخ اللبان والهيل الطبيعيان حضورًا دافئًا لتبقى الرائحة ثابتة وتعكس هوية عطر فخم يجمع بين النقاء ، القوة ، الأصالة .","نسايم نجد صيفي 350.00 175.00 Product SKU NSIM WHITE + Earn loyalty points with this purchase Rewards This Product Is Out of Stock Notify Me When Product Is Available Enter Your Email Send Product cart quantity Product out of stock Product share Product description تركيبة عطرية فاخرة من مكونات طبيعية نقية ، تأخذك إلى عالم من الفخامة الشرقية الأصيلة. يبدأ العطر بعمق دهن العود الكمبودي بحلاوته الدافئة، يليه حضور العود اللاوسي بكثافته الدخانية الغامضة، مع لمسة العود الهندي بطابعه الترابي العريق الذي يعكس الأصالة بكل تفاصيلها. ويتوسطه العود الفيتنامي بنعومته العسلية ، ليمنح التركيبة انسيابية راقية ، بينما يضيف الورد الطائفي إشراقة زهرية منعشة تعزز الإحساس بالفخامة والرقي وفي القاعدة : يرسخ اللبان والهيل الطبيعيان حضورًا دافئًا لتبقى الرائحة ثابتة وتعكس هوية عطر فخم يجمع بين النقاء ، القوة ، الأصالة  . Product questions Ask your question Have question about product Add question Product description تركيبة عطرية فاخرة من مكونات طبيعية نقية ، تأخذك إلى عالم من الفخامة الشرقية الأصيلة. يبدأ العطر بعمق دهن العود الكمبودي بحلاوته الدافئة، يليه حضور العود اللاوسي بكثافته الدخانية الغامضة، مع لمسة العود الهندي بطابعه الترابي العريق الذي يعكس الأصالة بكل تفاصيلها. ويتوسطه العود الفيتنامي بنعومته العسلية ، ليمنح التركيبة انسيابية راقية ، بينما يضيف الورد الطائفي إشراقة زهرية منعشة تعزز الإحساس بالفخامة والرقي وفي القاعدة : يرسخ اللبان والهيل الطبيعيان حضورًا دافئًا لتبقى الرائحة ثابتة وتعكس هوية عطر فخم يجمع بين النقاء ، القوة ، الأصالة  .","","","","","","[]","widget_unreachable","2026-05-16 02:56:37"
"https://faisalaldayel.com/products/Erth","إرث","","350.0","","","SAR","","عطر يجمع بين عمق الشرق ودفء التفاصيل … تبدأ نغماته برائحة القهوة الغنية ، كأنها أول رشفة في صباح هادئ ، تمنحك إحساسًا دافئًا ومغريًا ثم يتصاعد العود الفاخر ليضيف لمسة فخامة شرقية أصيلة، تتناغم معها الأخشاب العميقة لتعمنح العطر ثباتًا وأناقة لا تُنسى وفي القاعدة ، يأتي الباتشولي بلمسته الترابية الدافئة ليكمل هذا التكوين المتوازن ، تاركًا أثرًا جذابًا يدوم طويلًا","","","","","","","[]","widget_unreachable","2026-05-16 02:56:45"
"https://faisalaldayel.com/products/Oman","Oman","","225.0","","","SAR","","مزيج دافئ آسر يبدأ بـ عبق القهوة الغنية التي تمنح العطر عمقًا مفعمًا بالحيوية، يتناغم معها لبان عطري يضفي لمسة روحية راقية، وتكتمل النفحات بـ اللابدانوم الدافئ الذي يغلّف المزيج بهالة من الفخامة والغموض. عطر يجسد الهدوء والأناقة في آنٍ واحد.","","","","","","","[]","widget_unreachable","2026-05-16 02:56:53"
"https://faisalaldayel.com/products/vetiver","Vetiver","","175.0","","","SAR","","ڤيتڤير : 200مل المكونات : نجيل الهند - فلفل وردي - اخشاب هو اختيار مثالي لأولئك الذين يحبون العطور الخشبية الترابية التي تحمل طابعًا طبيعيًا ولكن في الوقت ذاته تتميز بالفخامة , تركيبته المتقنة تجسد الأناقة الكلاسيكية مع لمسات من الرقي العصري ، مما يجعله عطرًا خالدًا يناسب الأذواق الرفيعة .","Vetiver 5.0 (2
						Review) 350.00 175.00 Product SKU Vetiver 200ml Weight 539.0 g + Earn loyalty points with this purchase Rewards This Product Is Out of Stock Notify Me When Product Is Available Enter Your Email Send Product cart quantity Product out of stock Product share Product description ڤيتڤير : 200مل المكونات : نجيل الهند - فلفل وردي - اخشاب هو اختيار مثالي لأولئك الذين يحبون العطور الخشبية الترابية التي تحمل طابعًا طبيعيًا ولكن في الوقت ذاته تتميز بالفخامة , تركيبته المتقنة تجسد الأناقة الكلاسيكية مع لمسات من الرقي العصري ، مما يجعله عطرًا خالدًا يناسب الأذواق الرفيعة . Product questions Ask your question Have question about product Add question ?
					ف ?
						فيصل الدايل 04-12-2024 ماهي مكونات العطر؟.... هل هو عطر للجنسين؟ د
					ف د/عبدالله الدايل
						فيصل الدايل 30-11-2024 احتاج البرغموث ٢٠٠مل احتاج ايت ٢٠٠مل ورحت فرع خميس مشيط كانت متوفره ولم تصل احتاج اوشن وكوتن ه
					ف هند الثقفي
						فيصل الدايل 16-11-2024 هذا عطر نسائي Product description ڤيتڤير : 200مل المكونات : نجيل الهند - فلفل وردي - اخشاب هو اختيار مثالي لأولئك الذين يحبون العطور الخشبية الترابية التي تحمل طابعًا طبيعيًا ولكن في الوقت ذاته تتميز بالفخامة , تركيبته المتقنة تجسد الأناقة الكلاسيكية مع لمسات من الرقي العصري ، مما يجعله عطرًا خالدًا يناسب الأذواق الرفيعة .","","","","5.0","2.0","[]","widget_unreachable","2026-05-16 02:57:02"
"https://faisalaldayel.com/products/pale-green","Apple 1988","","200.0","","","SAR","","العطر التفاحي – 100 مل المكونات : زهرة الليلك - العنبر - الفانيليا هو عطر غني ورقيق في آن واحد، يعكس الأناقة والفخامة في كل لمسة. مزيج من الزهور، الفانيليا ، والعنبر ، يجعله خيارًا مثاليًا لمن يبحث عن عطر يترك انطباعًا طويل الأمد ويعكس شخصية راقية.","Apple 1988 4.95 (171
						Review) 400.00 200.00 Product SKU Apple 1988 Weight 220.7 g + Earn loyalty points with this purchase Rewards This Product Is Out of Stock Notify Me When Product Is Available Enter Your Email Send Product cart quantity Product out of stock Product share Product description العطر التفاحي – 100 مل المكونات : زهرة الليلك - العنبر - الفانيليا هو عطر غني ورقيق في آن واحد، يعكس الأناقة والفخامة في كل لمسة. مزيج من الزهور، الفانيليا ، والعنبر ، يجعله خيارًا مثاليًا لمن يبحث عن عطر يترك انطباعًا طويل الأمد ويعكس شخصية راقية. Product questions Ask your question Have question about product Add question A
					ف Amal
						فيصل الدايل 06-09-2025 لو سمحتو ممكن توفرون العطر زوجي يبيه رجعوه لو سمحتو 🥺 ?
					ف ?
						فيصل الدايل 04-08-2025 الصراحه العطر مثير بزياده ادري بتشوف تعليقي وبتكون مو متاكد من العطر او اول مره بتجربه لكن انصحك وبقوه على هذا العطر والكل بينجذب لك وبيسال عن العطر ب
					ف بدر العنزي
						فيصل الدايل 21-03-2025 قسم بمن اححححل القسسسسسم اففخخخخم براننننند سعودي للعطور حلالل كل ريال يندفع فيه الله يجعل كل عيلة الدايل بالجنه ياخخخخي🤍🤍. Product questions view all Product description العطر التفاحي – 100 مل المكونات : زهرة الليلك - العنبر - الفانيليا هو عطر غني ورقيق في آن واحد، يعكس الأناقة والفخامة في كل لمسة. مزيج من الزهور، الفانيليا ، والعنبر ، يجعله خيارًا مثاليًا لمن يبحث عن عطر يترك انطباعًا طويل الأمد ويعكس شخصية راقية.","","","","4.95","171.0","[]","widget_unreachable","2026-05-16 02:57:09"
